--@block
-- items情報追加
INSERT INTO api.items (id,farmer_id,category_id,name, price,image,expaire) VALUES 
(1	,	1	,	1	,	'惣菜キャベツピクルス'	,	70	,	 ''	,	 '5日以内'	),
(2	,	1	,	1	,	'男前キャベツ1/2個'	,	100	,	 ''	,	 '5日以内'	),
(3	,	1	,	1	,	'男前キャベツ1個'	,	100	,	 ''	,	 '5日以内'	),
(4	,	1	,	1	,	'男前キャベツ1㎏'	,	40	,	 ''	,	 '5日以内'	),
(5	,	2	,	1	,	'みよばぁの人参1/2個'	,	60	,	 ''	,	 '5日以内'	),
(6	,	2	,	1	,	'みよばぁの人参1個'	,	180	,	 ''	,	 '5日以内'	),
(7	,	2	,	1	,	'みよばぁの人参3個'	,	300	,	 ''	,	 '5日以内'	),
(8	,	2	,	1	,	'みよばぁの人参1㎏'	,	60	,	 ''	,	 '5日以内'	),
(9	,	3	,	1	,	'男前トマト1/2個'	,	80	,	 ''	,	 '5日以内'	),
(10	,	3	,	1	,	'男前トマト1個'	,	240	,	 ''	,	 '5日以内'	),
(11	,	3	,	1	,	'男前トマト3個'	,	400	,	 ''	,	 '5日以内'	),
(12	,	3	,	1	,	'男前トマト1㎏'	,	180	,	 ''	,	 '5日以内'	),
(13	,	4	,	1	,	'たつじぃのかぼちゃ1/4個'	,	250	,	 ''	,	 '5日以内'	),
(14	,	4	,	1	,	'たつじぃのかぼちゃ1/2個'	,	500	,	 ''	,	 '5日以内'	),
(15	,	4	,	1	,	'たつじぃのかぼちゃ1個'	,	500	,	 ''	,	 '5日以内'	),
(16	,	4	,	1	,	'たつじぃのかぼちゃ1㎏'	,	80	,	 ''	,	 '5日以内'	),
(17	,	7	,	1	,	'男前大根1/4個'	,	100	,	 ''	,	 '5日以内'	),
(18	,	7	,	1	,	'男前大根1/2個'	,	150	,	 ''	,	 '5日以内'	),
(19	,	7	,	1	,	'男前大根1個'	,	150	,	 ''	,	 '5日以内'	),
(20	,	7	,	1	,	'男前大根1㎏'	,	150	,	 ''	,	 '5日以内'	),
(21	,	5	,	2	,	'GODナス1個'	,	80	,	 ''	,	 '5日以内'	),
(22	,	5	,	2	,	'GODナス2個'	,	150	,	 ''	,	 '5日以内'	),
(23	,	5	,	2	,	'GODナス4個'	,	300	,	 ''	,	 '5日以内'	),
(24	,	5	,	2	,	'GODナス1kg'	,	800	,	 ''	,	 '5日以内'	),
(25	,	6	,	2	,	'GODほうれん草1/2束'	,	80	,	 ''	,	 '5日以内'	),
(26	,	6	,	2	,	'GODほうれん草1束'	,	150	,	 ''	,	 '5日以内'	),
(27	,	6	,	2	,	'GODほうれん草2束'	,	300	,	 ''	,	 '5日以内'	),
(28	,	6	,	2	,	'GODほうれん草1K'	,	500	,	 ''	,	 '5日以内'	),
(29	,	7	,	2	,	'GOD大根1/4個'	,	80	,	 ''	,	 '5日以内'	),
(30	,	7	,	2	,	'GOD大根1/2個'	,	100	,	 ''	,	 '5日以内'	),
(31	,	7	,	2	,	'GOD大根1個'	,	150	,	 ''	,	 '5日以内'	),
(32	,	7	,	2	,	'GOD大根1kg'	,	150	,	 ''	,	 '5日以内'	),
(33	,	3	,	2	,	'GODトマト1/2個'	,	60	,	 ''	,	 '5日以内'	),
(34	,	3	,	2	,	'GODトマト1個'	,	80	,	 ''	,	 '5日以内'	),
(35	,	3	,	2	,	'GODトマト3個'	,	240	,	 ''	,	 '5日以内'	),
(36	,	3	,	2	,	'GODトマト1kg'	,	400	,	 ''	,	 '5日以内'	),
(37	,	2	,	2	,	'GOD人参1/2個'	,	40	,	 ''	,	 '5日以内'	),
(38	,	2	,	2	,	'GOD人参1個'	,	60	,	 ''	,	 '5日以内'	),
(39	,	2	,	2	,	'GOD人参3個'	,	180	,	 ''	,	 '5日以内'	),
(40	,	2	,	2	,	'GOD人参1kg'	,	300	,	 ''	,	 '5日以内'	)


--@block
-- 商品カテゴリー情報追加
INSERT INTO api.category (id,name) VALUES
(	1	,	'キャベツ'	),
(	2	,	'人参'	),
(	3	,	'トマト'	),
(	4	,	'かぼちゃ'	),
(	5	,	'なす'	),
(	6	,	'ほうれん草'	),
(	7	,	'大根'	),
(	8	,	'じゃがいも'	)

--@block
-- users情報追加
INSERT INTO api.users (id,name,email,password,prefecture,city,address,otheraddress,zipcode) VALUES
(1,'田中角栄','kakuei@example.com','kakuei','新潟県','柏崎市','54-2','','')

--@block
-- farmerData情報追加
INSERT INTO api.farmerdata (id	,	farmname	,	representativename	,	year 	,	carryr	,	prefecture	,	iconImageurl	,	coverImageurl	,	voiceurl) VALUES
(	1	,	'七瀬ファーム'	,	'七瀬 獅童'	,	24	,	'夫婦で農業を始め、はや24年\n同い年の二人は、今年で64歳\n会社員だった旦那さんは、管理職まで上り詰めたものの、日々の激務で疲弊\n40歳の頃、自給自足の生活に憧れを持ち一念発起し、夫婦で北海道へ移住\n現在、有機野菜の世界では知らない人がいないとまで言われる存在に\n夫婦それぞれの名前がついた野菜たちは、道の駅に並べば1時間で売り切れるほどの人気ぶり'	,	'静岡県'	,	''	,	''	,	''	),	
(	2	,	'溝口ファクトリー'	,	'溝口 由宇'	,	4	,	'23歳\n東京でアパレル店員\n高校時代の友人と群馬へ旅行に行った際に、キャベツの美味しさに感動\n農家の方と意気投合し、21歳の頃勢いで農家で働くことに\n令和の「ギャル農家」として一躍話題に\n自ら考案し命名した「GODキャベツ」は味も見た目も神クラスとのこと'	,	'兵庫県'	,	''	,	''	,	''	)	
